date_time,temp,CO2_scaled,CO2_av,CO2_med,Moving,Modelled
1:00:01 AM,67,47.8421749084249,143,143,47.8421749084249,113.765412350465
1:00:04 AM,70,47.6171749084249,122,122,47.6171749084249,135.811941715665
1:00:07 AM,73,49.3921749084249,100,100,49.3921749084249,103.49721678558
1:00:10 AM,74,53.0271749084249,79,79,53.0271749084249,87.3155550488729
1:00:13 AM,76,56.6925595238095,58,58,56.6925595238095,55.4130625426488
1:00:16 AM,78,60.1029761904762,39,39,60.1029761904762,33.6538570006879
1:00:19 AM,79,62.3154761904762,29,29,62.3154761904762,29.7255630516349
1:00:22 AM,80,65.7208333333333,34,34,65.7208333333333,30.066625891203
1:00:25 AM,81,69,39,39,69,33.5519268645446
1:00:28 AM,83,66.225,43,43,66.225,45.4547685931574
1:00:31 AM,84,62.525,48.5,48.5,62.525,51.6220720387335
1:00:34 AM,85,59.675,55,55,59.675,56.6534354972067
1:00:37 AM,86,57.775,59,59,57.775,60.5252228063004
1:00:40 AM,87,56.725,62,62,56.725,63.434094302252
1:00:43 AM,88,56.6,65,65,56.6,65.576710321299
1:00:46 AM,89,57.5,67,67,57.5,67.149731199679
1:00:49 AM,90,58.85,70,70,58.85,68.3049529881122
1:00:52 AM,91,59.8,71,71,59.8,69.0147145952502
1:00:55 AM,92,60.45,71,71,60.45,69.2064906442272
1:00:58 AM,93,60.9,70,70,60.9,68.8077557581776
1:01:01 AM,94,61.125,69,69,61.125,67.7459845602357
1:01:04 AM,95,61.075,65,65,61.075,65.9977747728186
1:01:07 AM,96,60.925,62,62,60.925,63.7362165154742
1:01:10 AM,97,60.725,58,59,60.725,61.1835230070332
1:01:13 AM,98,60.55,55.5,55.5,60.55,58.5619074663264
1:01:16 AM,99,60.45,57,57,60.45,56.0935831121845
1:01:19 AM,100,60.3,56,56,60.3,53.9673926788128
1:01:22 AM,101,60.15,53,53,60.15,52.2386969619145
1:01:25 AM,103,60.1,52,52,60.1,50.0617509218498
1:01:28 AM,106,60.3,52,52,60.3,50.3273000122502
1:01:31 AM,108,60.75,53,53,60.75,53.1148651354237
1:01:34 AM,109,61.625,54,54,61.625,55.3076661435963
1:01:37 AM,110,62.925,56,56,62.925,57.7952014348249
1:01:40 AM,111,64.8,58,58,64.8,60.2987880870692
1:01:43 AM,112,67.275,61.5,61.5,67.275,62.5397431782889
1:01:46 AM,113,70.4625,65,65,70.4625,64.2393837864437
1:01:49 AM,114,74.5125,67,67,74.5125,65.2970988532492
1:01:52 AM,115,79.2875,68,68,79.2875,66.3245647754451
1:01:55 AM,116,84.7625,70,70,84.7625,68.1115298135268
1:01:58 AM,117,90.9125,74,74,90.9125,71.4477422279899
1:02:01 AM,118,98.1225,78,78,98.1225,76.8921023817265
1:02:04 AM,119,107.0825,82.5,82.5,107.0825,84.0801190472153
1:02:07 AM,120,117.415833333333,88,88,117.415833333333,92.4164530993317
1:02:10 AM,121,131.371388888889,95.5,95.5,131.371388888889,101.305765412951
1:02:13 AM,122,145.213055555556,105,105,145.213055555556,110.152716862949
1:02:16 AM,123,161.541626984127,120.75,120.5,161.541626984127,118.72534286026
1:02:19 AM,124,176.963366114562,137,137,176.963366114562,128.24517696006
1:02:22 AM,125,196.063366114562,148.5,148.5,196.063366114562,140.297127253582
1:02:25 AM,126,215.438366114562,161.5,161.5,215.438366114562,156.466101832062
1:02:28 AM,127,235.013366114562,175,175,235.013366114562,178.337008786733
1:02:31 AM,128,254.613366114562,197.2,197,254.613366114562,206.820681246647
1:02:34 AM,129,274.138366114562,233.2,233,274.138366114562,240.131652492113
1:02:37 AM,130,293.438366114562,262.666666666667,263,293.438366114562,275.81038084126
1:02:40 AM,131,312.413366114562,337.111111111111,294,312.413366114562,311.397324612215
1:02:43 AM,132,330.863366114562,338.333333333333,312,330.863366114562,344.432942123103
1:02:46 AM,133,348.550866114562,391.571428571429,431,348.550866114562,372.935383199324
1:02:49 AM,134,365.500866114562,375.434782608696,366,365.500866114562,396.833563695358
1:02:52 AM,137,381.975866114562,450,450,381.975866114562,444.96861531986
1:02:55 AM,139,397.950866114562,457.5,457.5,397.950866114562,461.491815134049
1:02:58 AM,140,413.660866114562,465.5,465.5,413.660866114562,466.303186745755
1:03:01 AM,141,428.550866114562,470,470,428.550866114562,469.368438791217
1:03:04 AM,142,442.180866114562,473,473,442.180866114562,471.153626040578
1:03:07 AM,143,455.503088336784,474,474,455.503088336784,472.13669274566
1:03:10 AM,144,465.422532781228,475,475,465.422532781228,472.795583158284
1:03:13 AM,145,475.562387853692,474,474,475.562387853692,473.608241530273
1:03:16 AM,146,486.733816425121,474.5,474.5,486.733816425121,475.002609246974
1:03:19 AM,147,499.362077294686,476,476,499.362077294686,477.206616227846
1:03:22 AM,148,508.512077294686,478,478,508.512077294686,480.398189525869
1:03:25 AM,149,517.137077294686,481,481,517.137077294686,484.75525619403
1:03:28 AM,150,524.962077294686,489.2,490,524.962077294686,490.45574328531
1:03:31 AM,151,532.012077294686,495,495,532.012077294686,497.674509331967
1:03:34 AM,152,538.112077294686,505.8,495,538.112077294686,506.574138783357
1:03:37 AM,153,543.012077294686,529.111111111111,494,543.012077294686,517.314147568109
1:03:40 AM,154,546.978743961353,535.5,553.5,546.978743961353,530.054051614853
1:03:43 AM,155,550.528743961353,541.130434782609,549,550.528743961353,544.953366852218
1:03:46 AM,159,554.037077294686,615,615,554.037077294686,613.777710552753
1:03:49 AM,161,558.037077294686,628,628,558.037077294686,636.123736701627
1:03:52 AM,162,563.406308063917,633,633,563.406308063917,639.733764377758
1:03:55 AM,163,566.861308063917,630,630,566.861308063917,636.569821227226
1:03:58 AM,164,577.601308063917,622,622,577.601308063917,625.332921829185
1:04:01 AM,165,587.163808063917,611,611,587.163808063917,605.813188870677
1:04:04 AM,166,597.423808063917,595,595,597.423808063917,582.157177470285
1:04:07 AM,167,606.518252508361,572,572,606.518252508361,559.600550854481
1:04:10 AM,168,614.843252508361,554.333333333333,554,614.843252508361,543.378972249736
1:04:13 AM,169,622.536730769231,545,545,622.536730769231,538.728104882519
1:04:16 AM,170,625.986730769231,544.666666666667,544,625.986730769231,549.083165515041
1:04:19 AM,171,628.236730769231,556,556,628.236730769231,570.677585052473
1:04:22 AM,172,629.461730769231,585.384615384615,581,629.461730769231,597.944347935726
1:04:25 AM,173,630.361730769231,550.1,542.5,630.361730769231,625.31643860571
1:04:28 AM,174,631.136730769231,704,704,631.136730769231,648.24265810433
1:04:31 AM,175,631.786730769231,686.25,681.5,631.786730769231,666.235073877457
1:04:34 AM,178,640.736730769231,711,711,640.736730769231,695.888339312544
1:04:37 AM,179,648.620064102564,711,711,648.620064102564,699.42438065236
1:04:40 AM,181,656.390897435897,702,702,656.390897435897,700.141196905366
1:04:43 AM,182,660.357564102564,695,695,660.357564102564,698.236350509458
1:04:46 AM,183,670.28811965812,684,684,670.28811965812,694.772436346007
1:04:49 AM,184,676.480712250712,673,673,676.480712250712,689.4290020449
1:04:52 AM,185,699.011481481481,657.5,657.5,699.011481481481,681.885595236027
1:04:55 AM,186,723.556481481481,648,648,723.556481481481,671.821763549275
1:04:58 AM,187,740.389814814815,637.5,637.5,740.389814814815,659.717004767839
1:05:01 AM,188,757.577314814815,624,622,757.577314814815,649.250617288131
1:05:04 AM,189,772.910648148148,774,768,772.910648148148,644.901849659868
1:05:07 AM,190,787.710648148148,729.666666666667,607,787.710648148148,651.149950432767
1:05:10 AM,191,802.860648148148,709.75,616.5,802.860648148148,672.474168156545
1:05:13 AM,192,818.610648148148,624.333333333333,625,818.610648148148,711.607056129864
1:05:16 AM,193,838.143981481482,743.277777777778,729.5,838.143981481482,764.29438664716
1:05:19 AM,194,861.702314814815,679.851851851852,666,861.702314814815,824.535236751816
1:05:22 AM,196,884.714814814815,1036,1036,884.714814814815,943.673803896731
1:05:25 AM,198,905.44959742351,1041,1041,905.44959742351,1021.01537391166
1:05:28 AM,199,937.874597423511,1040.66666666667,1042,937.874597423511,1031.36536451635
1:05:31 AM,200,971.32459742351,1030,1030,971.32459742351,1027.39565844379
1:05:34 AM,201,997.79959742351,1017.66666666667,1018,997.79959742351,1017.23765421244
1:05:37 AM,202,1026.51626409018,1007,1007,1026.51626409018,1009.0227503408
1:05:40 AM,203,1056.95376409018,1005,1005,1056.95376409018,1010.88234534733
1:05:43 AM,204,1092.33709742351,1010,1010,1092.33709742351,1028.683168655
1:05:46 AM,205,1122.69820853462,1074.66666666667,1045.5,1122.69820853462,1059.23327330476
1:05:49 AM,206,1157.68061594203,1144.16666666667,1105,1157.68061594203,1097.07604324202
1:05:52 AM,207,1176.03061594203,1117.75,1118.5,1176.03061594203,1136.75486241221
1:05:55 AM,208,1196.11811594203,1062.69565217391,1067,1196.11811594203,1172.81311476077
1:05:58 AM,210,1229.9447826087,1286,1286,1229.9447826087,1222.2371002292
1:06:01 AM,213,1267.76621118012,1293,1293,1267.76621118012,1263.99627249602
1:06:04 AM,214,1304.81787784679,1303.5,1303.5,1304.81787784679,1277.44265381406
1:06:07 AM,215,1337.47941630833,1304,1304,1337.47941630833,1294.05256047386
1:06:10 AM,216,1366.27524964166,1318.5,1318.5,1366.27524964166,1315.86611051176
1:06:13 AM,217,1422.15024964166,1332,1332,1422.15024964166,1344.48243040584
1:06:16 AM,218,1476.56691630833,1350.5,1350.5,1476.56691630833,1379.73668040119
1:06:19 AM,219,1529.358582975,1379.5,1379.5,1529.358582975,1421.02302918467
1:06:22 AM,220,1584.65441630833,1403,1403,1584.65441630833,1467.73564544312
1:06:25 AM,221,1643.76963369963,1442.75,1443,1643.76963369963,1519.2686978634
1:06:28 AM,222,1693.23213369963,1717.2,1505,1693.23213369963,1574.88015369701
1:06:31 AM,223,1745.18213369963,1786.42857142857,1886,1745.18213369963,1633.28317445401
1:06:34 AM,224,1810.31713369963,1758.7,1739,1810.31713369963,1693.05472020914
1:06:37 AM,225,1885.18499084249,1660.23076923077,1602,1885.18499084249,1752.77175103711
1:06:40 AM,226,1964.48499084249,1580.91666666667,1529,1964.48499084249,1811.34589216689
1:06:43 AM,229,2032.50999084249,2127.5,2127.5,2032.50999084249,1984.05249644264
1:06:46 AM,231,2122.23499084249,2163,2163,2122.23499084249,2102.52656003286
1:06:49 AM,232,2214.05999084249,2200,2197,2214.05999084249,2164.51934305018
1:06:52 AM,233,2307.90999084249,2223.66666666667,2227,2307.90999084249,2229.12922821578
1:06:55 AM,234,2402.57249084249,2245,2245,2402.57249084249,2297.30939421914
1:06:58 AM,235,2485.81249084249,2275.25,2274,2485.81249084249,2371.48593050724
1:07:01 AM,236,2567.44106227106,2332,2332,2567.44106227106,2454.45315421644
1:07:04 AM,237,2652.40606227106,2606.2,2468,2652.40606227106,2549.00538248309
1:07:07 AM,238,2743.87785714286,2801.35714285714,2808.5,2743.87785714286,2657.93693244357
1:07:10 AM,239,2840.48202380952,2904.5,2904.5,2840.48202380952,2781.96909012798
1:07:13 AM,240,2912.15702380952,2692.5,2692.5,2912.15702380952,2913.53101714144
1:07:16 AM,241,3017.97066017316,3145,3145,3017.97066017316,3042.97884398283
1:07:19 AM,243,3111.13732683983,3216,3216,3111.13732683983,3256.95671914494
1:07:22 AM,244,3200.48126623377,3280,3280,3200.48126623377,3322.19902846342
1:07:25 AM,245,3326.48126623377,3336,3336,3326.48126623377,3351.66445523284
1:07:28 AM,246,3482.06876623377,3382,3382,3482.06876623377,3360.27260808959
1:07:31 AM,247,3637.66876623377,3419,3419,3637.66876623377,3367.85579129757
1:07:34 AM,248,3782.65876623377,3458,3458,3782.65876623377,3394.24630912066
1:07:37 AM,249,3922.59090909091,3489.66666666667,3490,3922.59090909091,3459.27646582274
1:07:40 AM,250,4061.41590909091,3513,3513,4061.41590909091,3577.74768641092
1:07:43 AM,251,4213.54090909091,3561,3559,4213.54090909091,3744.33787886516
1:07:46 AM,252,4344.46590909091,4279.27272727273,4235,4344.46590909091,3948.69407190863
1:07:49 AM,253,4471.71590909091,4063.33333333333,3936,4471.71590909091,4180.4632942645
1:07:52 AM,254,4595.32840909091,4010.54545454545,3615,4595.32840909091,4429.29257465596
1:07:55 AM,255,4718.90340909091,4765,4767,4718.90340909091,4684.62941060173
1:07:58 AM,256,4852.39840909091,5387,5387,4852.39840909091,4935.12317480284
1:08:01 AM,259,4994.48261961722,5444,5444,4994.48261961722,5542.04445190388
1:08:04 AM,260,5165.97011961723,5506,5506,5165.97011961723,5657.66434409205
1:08:07 AM,261,5344.58678628389,5600,5600,5344.58678628389,5710.69037201843
1:08:10 AM,262,5532.26178628389,5681,5681,5532.26178628389,5698.11207745835
1:08:13 AM,263,5726.41178628389,5735,5735,5726.41178628389,5651.07780330219
1:08:16 AM,264,5887.69814992026,5763.5,5763.5,5887.69814992026,5609.27559271909
1:08:19 AM,265,6063.70648325359,5761,5761,6063.70648325359,5612.39348887822
1:08:22 AM,266,6245.72921052632,5752.25,5751,6245.72921052632,5700.11953494869
1:08:25 AM,267,6393.50421052632,5807.5,5807.5,6393.50421052632,5898.15953793409
1:08:28 AM,268,6516.50421052632,6051.9,6024,6516.50421052632,6176.29036017566
1:08:31 AM,269,6674.76135338346,6260.68421052632,6295,6674.76135338346,6490.30662784905
1:08:34 AM,270,6846.46135338346,6887.75,6861.5,6846.46135338346,6796.00296712992
1:08:37 AM,271,7004.96135338346,7062,7063,7004.96135338346,7049.17400419394
1:08:40 AM,272,7149.86552005013,7266.5,7266.5,7149.86552005013,7216.57038449429
1:08:43 AM,277,7319.06552005013,7444,7444,7319.06552005013,7356.16810980521
1:08:46 AM,278,7485.44052005013,7505,7505,7485.44052005013,7395.32601251464
1:08:49 AM,279,7653.66552005013,7583.5,7583.5,7653.66552005013,7488.46843206829
1:08:52 AM,280,7828.62802005013,7651,7651,7828.62802005013,7657.12611030692
1:08:55 AM,281,8010.37802005013,7720.5,7720.5,8010.37802005013,7910.01029798145
1:08:58 AM,282,8195.40802005012,7847,7847,8195.40802005012,8204.55428148333
1:09:01 AM,283,8433.83959899749,8609.14285714286,8270,8433.83959899749,8485.37185611413
1:09:04 AM,284,8622.90209899749,8940,9182,8622.90209899749,8697.07681717546
1:09:07 AM,285,8826.5520989975,8770,8681,8826.5520989975,8800.18768407297
1:09:10 AM,286,9034.11709899749,8579.08333333333,8574.5,9034.11709899749,8818.84187262864
1:09:13 AM,289,9188.66709899749,9119,9119,9188.66709899749,8768.4857675053
1:09:16 AM,290,9332.46709899749,9091,9091,9332.46709899749,8849.73464195427
1:09:19 AM,291,9459.76709899749,9125.5,9125.5,9459.76709899749,9046.73753769172
1:09:22 AM,292,9571.4170989975,9251.5,9251.5,9571.4170989975,9381.38671652476
1:09:25 AM,293,9669.86709899749,9442.5,9442.5,9669.86709899749,9802.97492778464
1:09:28 AM,294,9767.80876566416,9752.5,9754.5,9767.80876566416,10242.6450426837
1:09:31 AM,295,9825.66828947368,11029.3157894737,10960,9825.66828947368,10631.5399324341
1:09:34 AM,296,9878.25828947368,10669,10669,9878.25828947368,10900.8024682483
1:09:37 AM,297,9963.02019423559,11135,11125,9963.02019423559,11000.0272640808
1:09:40 AM,298,10037.1660275689,11417.8,11487,10037.1660275689,10952.6159048547
1:09:43 AM,299,10083.0660275689,10535,10535,10083.0660275689,10800.4217182356
1:09:46 AM,302,10126.7660275689,10381,10381,10126.7660275689,10133.6754706745
1:09:49 AM,303,10163.3910275689,10129.5,10129.5,10163.3910275689,9980.88325113778
1:09:52 AM,304,10189.4160275689,9884,9884,10189.4160275689,9920.37901408481
1:09:55 AM,305,10199.5160275689,9689.5,9689.5,10199.5160275689,9933.03694492876
1:09:58 AM,306,10187.9910275689,9805.83333333333,9814.5,10187.9910275689,9987.53540063236
1:10:01 AM,307,10115.2502380952,9766.33333333333,9648,10115.2502380952,10052.5527381583
1:10:04 AM,308,10069.6752380952,9991.8,9971,10069.6752380952,10096.7673144693
1:10:07 AM,309,10052.4692380952,10465.2380952381,10507,10052.4692380952,10096.1150323454
1:10:10 AM,310,10031.9792380952,10062,10062,10031.9792380952,10055.5619778366
1:10:13 AM,312,10028.1792380952,10037,10037,10028.1792380952,9903.6480791328
1:10:16 AM,316,10025.1292380952,9965,9965,10025.1292380952,9658.85081526364
1:10:19 AM,317,10028.3542380952,9858,9858,10028.3542380952,9681.25404634242
1:10:22 AM,318,10035.8209047619,9772,9772,10035.8209047619,9755.8497362316
1:10:25 AM,319,10051.2959047619,9644.5,9644.5,10051.2959047619,9866.38239808586
1:10:28 AM,320,10089.7167380952,9522,9511,10089.7167380952,9990.90072131738
1:10:31 AM,321,10155.7023441558,9574.5,9574.5,10155.7023441558,10107.4533953383
1:10:34 AM,322,10197.1623441558,9757.5,9757.5,10197.1623441558,10194.0891095609
1:10:37 AM,323,10205.5504393939,10790.88,10910,10205.5504393939,10235.1157192899
1:10:40 AM,324,10273.3337727273,11008,11008,10273.3337727273,10239.8777434007
1:10:43 AM,327,10344.9237727273,10459,10459,10344.9237727273,10192.6131497055
1:10:46 AM,328,10359.7237727273,10320,10320,10359.7237727273,10208.3536790247
1:10:49 AM,329,10367.5987727273,10194,10194,10367.5987727273,10265.8480465663
1:10:52 AM,330,10369.5987727273,10033.3333333333,10022,10369.5987727273,10374.0810380815
1:10:55 AM,331,10372.8737727273,9999,9999,10372.8737727273,10515.5618432542
1:10:58 AM,332,10331.6437727273,10574.25,10143.5,10331.6437727273,10666.1807527517
1:11:01 AM,333,10301.9562727273,11086.0454545455,11053.5,10301.9562727273,10801.8280572411
1:11:04 AM,334,10277.0987727273,10821,10821,10277.0987727273,10898.3940473895
1:11:07 AM,335,10164.4797727273,10633,10633,10164.4797727273,10936.9643036626
1:11:10 AM,336,10034.0797727273,11417.6666666667,11503.5,10034.0797727273,10919.4055657201
1:11:13 AM,337,9866.37977272727,11468.8,11652,9866.37977272727,10852.77986302
1:11:16 AM,338,9705.92977272727,10261,10261,9705.92977272727,10744.1492250205
1:11:19 AM,342,9552.77977272727,10015.5,10015.5,9552.77977272727,10030.8179091904
1:11:22 AM,343,9410.1881060606,9812,9812,9410.1881060606,9815.52283126595
1:11:25 AM,344,9299.37143939394,9710,9710,9299.37143939394,9585.17376299397
1:11:28 AM,345,9150.64227272727,8697.4,9562,9150.64227272727,9331.41150203569
1:11:31 AM,346,8991.44,8980.75,9563.5,8991.44,9045.87684605239
1:11:34 AM,347,8869.29882352941,9260.35,9676,8869.29882352941,8724.96630446879
1:11:37 AM,348,8764.79882352941,8538.5,8538.5,8764.79882352941,8384.09923376333
1:11:40 AM,349,8615.01549019608,8400,8400,8615.01549019608,8043.45070217789
1:11:43 AM,350,8467.02549019608,7105,7105,8467.02549019608,7723.19577795434
1:11:46 AM,354,8383.07549019608,7111,7111,8383.07549019608,7049.61351951667
1:11:49 AM,355,8314.20049019608,7131,7131,8314.20049019608,7125.29312371048
1:11:52 AM,356,8257.40049019608,7181.5,7181.5,8257.40049019608,7290.45955259578
1:11:55 AM,357,8206.43382352941,7782.66666666667,8028,8206.43382352941,7513.33068229276
1:11:58 AM,358,8188.74715686275,7599.66666666667,7357,8188.74715686275,7762.12438892164
1:12:01 AM,359,8148.44365686275,7902,7820,8148.44365686275,8005.05854860259
1:12:04 AM,360,8061.67615686275,8378.17647058824,8233,8061.67615686275,8215.7239155003
1:12:07 AM,361,8031.80115686275,8543,8507.5,8031.80115686275,8389.20275595725
1:12:10 AM,363,7969.95115686275,8422,8422,7969.95115686275,8626.42143509666
1:12:13 AM,366,7958.20115686275,8509,8509,7958.20115686275,8714.72911517384
1:12:16 AM,367,7943.90115686275,8582,8582,7943.90115686275,8674.64682911218
1:12:19 AM,368,7949.27615686275,8638,8638,7949.27615686275,8601.72402826567
1:12:22 AM,369,7941.91782352941,8676,8676,7941.91782352941,8502.21586175747
1:12:25 AM,370,7908.34282352941,8690.66666666667,8696,7908.34282352941,8383.53747965798
1:12:28 AM,371,7890.55234733894,8343.66666666667,8603,7890.55234733894,8253.10403203761
1:12:31 AM,372,7814.15234733894,8174.68,8321,7814.15234733894,8118.33066896678
1:12:34 AM,373,7726.36019047619,7525,7399.5,7726.36019047619,7985.46361696885
1:12:37 AM,375,7652.76313165266,7941,7941,7652.76313165266,7730.56165198543
1:12:40 AM,379,7596.91313165266,7163,7163,7596.91313165266,7275.33132413661
1:12:43 AM,380,7534.66313165266,6870,6870,7534.66313165266,7175.23596054655
1:12:46 AM,381,7465.66313165266,6825,6835,7465.66313165266,7081.42870188165
1:12:49 AM,382,7389.76313165266,7238.5,7238.5,7389.76313165266,6994.94048565761
1:12:52 AM,383,7311.96313165266,7034.33333333333,7320,7311.96313165266,6919.31956430037
1:12:55 AM,384,7220.67979831933,7111.16666666667,7095.5,7220.67979831933,6858.74351896338
1:12:58 AM,385,7128.390214986,7243.85714285714,7373,7128.390214986,6817.38993080014
1:13:01 AM,388,7032.256214986,6374,6374,7032.256214986,6850.43972088764
1:13:04 AM,389,6962.006214986,6622.33333333333,6556,6962.006214986,6924.26250429726
1:13:07 AM,390,6876.60621498599,7071.05882352941,7063,6876.60621498599,7017.26003870671
1:13:10 AM,391,6824.35621498599,7305,7305,6824.35621498599,7112.6742933282
1:13:13 AM,392,6774.29788165266,7264,7264,6774.29788165266,7193.74723737392
1:13:16 AM,393,6718.25557396035,7202,7202,6718.25557396035,7243.72084005606
1:13:19 AM,396,6637.6377168175,7120,7120,6637.6377168175,7142.04591763459
1:13:22 AM,398,6588.62105015083,7120,7120,6588.62105015083,6915.47795910483
1:13:25 AM,399,6537.0627168175,6865,6865,6537.0627168175,6772.67156812965
1:13:28 AM,400,6480.01985967464,6497.875,6445.5,6480.01985967464,6618.23378773175
1:13:31 AM,401,6467.66985967464,6252,6236.5,6467.66985967464,6458.20228169924
1:13:34 AM,402,6442.75319300797,6120,6120,6442.75319300797,6299.1100306805
1:13:37 AM,405,6397.4852518315,6233,6233,6397.4852518315,5914.59255604249
1:13:40 AM,406,6350.1727518315,6118,6118,6350.1727518315,5847.37170713496
1:13:43 AM,407,6293.6727518315,5868.83333333333,5838,6293.6727518315,5825.64262112951
1:13:46 AM,408,6153.2227518315,5704.15384615385,5668,6153.2227518315,5854.22859586367
1:13:49 AM,409,6019.2727518315,5626.14285714286,5573,6019.2727518315,5921.20786072604
1:13:52 AM,410,5927.1477518315,6054,6054,5927.1477518315,6010.47237799302
1:13:55 AM,411,5831.61441849817,6080,6080,5831.61441849817,6105.914109941
1:13:58 AM,414,5754.25066849817,6103,6103,5754.25066849817,6268.22221663496
1:14:01 AM,415,5674.9720970696,6127,6127,5674.9720970696,6231.80225149813
1:14:04 AM,416,5596.8220970696,6124,6156,5596.8220970696,6148.07824098746
1:14:07 AM,417,5520.8220970696,6165.7,6187.5,5520.8220970696,6028.00107594253
1:14:10 AM,418,5452.4720970696,6358.75,6396,5452.4720970696,5882.52164720292
1:14:13 AM,420,5344.43043040293,6134,6134,5344.43043040293,5559.15956199792
1:14:16 AM,422,5262.70607142857,4393,4393,5262.70607142857,5252.29462507976
1:14:19 AM,423,5165.49892857143,4441,4441,5165.49892857143,5112.46908381328
1:14:22 AM,424,5051.28226190476,5277.5,5277.5,5051.28226190476,4983.01152811867
1:14:25 AM,425,4940.43226190476,4954.33333333333,4554,4940.43226190476,4864.89448357855
1:14:28 AM,426,4839.69476190476,4950.6,4611,4839.69476190476,4759.09047577555
1:14:31 AM,427,4743.91976190476,4666.42857142857,4332,4743.91976190476,4665.96970772501
1:14:34 AM,428,4659.34476190476,4557,4566,4659.34476190476,4583.49309217317
1:14:37 AM,430,4561.47851190476,4713,4713,4561.47851190476,4439.90667928154
1:14:40 AM,433,4454.51101190476,4751,4751,4454.51101190476,4238.32295815894
1:14:43 AM,434,4362.59737554113,3708,3708,4362.59737554113,4164.24165135795
1:14:46 AM,435,4355.22951839827,4069.66666666667,3752,4355.22951839827,4084.92362809067
1:14:49 AM,436,4340.99201839827,3682,3682,4340.99201839827,4010.77247744681
1:14:52 AM,437,4263.01701839827,3769.66666666667,3787,4263.01701839827,3954.80078829818
1:14:55 AM,438,4191.9003517316,3863,3863,4191.9003517316,3930.02114951663
1:14:58 AM,439,4108.8703517316,4088.25,3920.5,4108.8703517316,3949.44614997398
1:15:01 AM,440,4000.72892316017,4211.5,4045,4000.72892316017,4019.37559451729
1:15:04 AM,441,3875.22892316017,4432.5,4432.5,3875.22892316017,4119.25815189447
1:15:07 AM,442,3738.55892316017,4208.375,4198.5,3738.55892316017,4221.82970682865
1:15:10 AM,443,3598.75892316017,4219.4,4318,3598.75892316017,4299.82614404296
1:15:13 AM,444,3509.12142316017,4295.72727272727,4358,3509.12142316017,4325.98334826052
1:15:16 AM,445,3396.21308982684,4245.64285714286,4230.5,3396.21308982684,4279.77067719009
1:15:19 AM,446,3302.44808982684,4156.25,4055.5,3302.44808982684,4167.59138048294
1:15:22 AM,447,3208.13475649351,3718,3718,3208.13475649351,4002.58218077593
1:15:25 AM,450,3107.45475649351,3532,3532,3107.45475649351,3321.94239002467
1:15:28 AM,452,2996.06725649351,3290,3290,2996.06725649351,2844.87292953412
1:15:31 AM,453,2884.29225649351,2503.6,2440,2884.29225649351,2636.45920821402
1:15:34 AM,454,2755.04225649351,2047,2047,2755.04225649351,2453.39496842081
1:15:37 AM,458,2634.76100649351,1979.6,1970,2634.76100649351,1961.81379862592
1:15:40 AM,459,2517.37282467532,1955,1951.5,2517.37282467532,1895.8826970489
1:15:43 AM,460,2397.35312770563,1915.25,1914.5,2397.35312770563,1851.45536923146
1:15:46 AM,462,2269.62098484849,1811.5,1820.5,2269.62098484849,1820.21408774924
1:15:49 AM,463,2142.47098484848,1806.7,1815,2142.47098484848,1826.15878631708
1:15:52 AM,465,2034.32483100233,1883.4,1937,2034.32483100233,1861.72107329348
1:15:55 AM,466,1941.17483100233,1849.4,1857,1941.17483100233,1883.55554619118
1:15:58 AM,467,1856.32483100233,1860.5,1846.5,1856.32483100233,1902.9034950213
1:16:01 AM,468,1815.59483100233,1976,1976,1815.59483100233,1916.50983095119
1:16:04 AM,473,1799.29483100233,1847.5,1847.5,1799.29483100233,1886.32423560065
1:16:07 AM,474,1785.28983100233,1802.75,1782.5,1785.28983100233,1860.13445199958
1:16:10 AM,475,1773.03983100233,1871.63636363636,1886,1773.03983100233,1827.05737704454
1:16:13 AM,476,1761.66661671662,1895.33333333333,1890.5,1761.66661671662,1787.67753719044
1:16:16 AM,478,1754.29161671662,1691,1691,1754.29161671662,1703.52127005646
1:16:19 AM,479,1736.20661671662,1613.25,1595.5,1736.20661671662,1666.48660242272
1:16:22 AM,480,1719.58661671662,1555.07692307692,1538,1719.58661671662,1637.97541850858
1:16:25 AM,481,1703.25411671662,1669,1670.5,1703.25411671662,1621.85859813709
1:16:28 AM,482,1691.02911671662,1593,1593,1691.02911671662,1620.55563732535
1:16:31 AM,484,1672.82911671662,1689,1689,1672.82911671662,1647.39575374783
1:16:34 AM,485,1648.15411671662,1721,1721,1648.15411671662,1665.86398495641
1:16:37 AM,486,1625.42661671662,1699.5,1699.5,1625.42661671662,1681.24776747949
1:16:40 AM,487,1597.97813186813,1710,1710,1597.97813186813,1688.70967830423
1:16:43 AM,488,1567.23646520147,1687.78571428571,1682.5,1567.23646520147,1684.60454831956
1:16:46 AM,489,1544.63646520147,1664,1664,1544.63646520147,1670.05622402124
1:16:49 AM,491,1526.47396520147,1445,1444,1526.47396520147,1618.89439407356
1:16:52 AM,492,1510.15193722944,1551,1551,1510.15193722944,1586.91308921917
1:16:55 AM,493,1488.35193722944,1522.75,1506,1488.35193722944,1553.75299164106
1:16:58 AM,494,1470.55193722944,1616,1605,1470.55193722944,1521.33625771991
1:17:01 AM,495,1446.93527056277,1612,1657.5,1446.93527056277,1490.00926776919
1:17:04 AM,499,1421.76027056277,1354,1354,1421.76027056277,1374.64747360434
1:17:07 AM,500,1398.15193722944,1348.2,1348,1398.15193722944,1348.05574795605
1:17:10 AM,501,1374.90193722944,1322.66666666667,1317.5,1374.90193722944,1322.26838405828
1:17:13 AM,502,1347.12628787879,1280.5,1280.5,1347.12628787879,1297.40585608926
1:17:16 AM,503,1321.50128787879,1239,1239,1321.50128787879,1274.26078975338
1:17:19 AM,504,1300.10128787879,1250,1250,1300.10128787879,1253.79384863656
1:17:22 AM,505,1273.50128787879,1228.63636363636,1213,1273.50128787879,1236.96569632475
1:17:25 AM,507,1246.46378787879,1233,1233,1246.46378787879,1218.06841245984
1:17:28 AM,508,1215.75378787879,1237,1242,1215.75378787879,1217.1610088941
1:17:31 AM,509,1186.72521645022,1216.66666666667,1210,1186.72521645022,1219.17745337008
1:17:34 AM,510,1171.12521645022,1217.5,1217.5,1171.12521645022,1220.52081436671
1:17:37 AM,511,1151.46521645022,1227.33333333333,1229,1151.46521645022,1217.59416036294
1:17:40 AM,512,1132.25331168831,1245,1246,1132.25331168831,1206.80055983768
1:17:43 AM,514,1113.95331168831,1132.27272727273,1113,1113.95331168831,1156.25479905035
1:17:46 AM,515,1096.22831168831,1151.5,1151.5,1096.22831168831,1121.72503387498
1:17:49 AM,516,1078.82831168831,1017,1017,1078.82831168831,1085.25810939559
1:17:52 AM,517,1061.17982683983,1019,1019,1061.17982683983,1050.02959852503
1:17:55 AM,519,1043.53816017316,982,982,1043.53816017316,995.990109261763
1:17:58 AM,520,1026.66316017316,1001.8,1002,1026.66316017316,982.378572497918
1:18:01 AM,521,1009.41982683983,1031.42857142857,1038,1009.41982683983,975.797515813319
1:18:04 AM,522,990.923398268399,1042,1062,990.923398268399,972.512286939856
1:18:07 AM,523,970.456731601732,955,955,970.456731601732,968.788233609417
1:18:10 AM,524,948.456731601732,938.428571428571,939,948.456731601732,960.890703553892
1:18:13 AM,525,928.443095238095,914.5,914.5,928.443095238095,946.2448722699
1:18:16 AM,526,908.884761904762,884.5,884.5,908.884761904762,926.915226312992
1:18:19 AM,527,895.568095238095,902,902,895.568095238095,906.126080003445
1:18:22 AM,528,880.168095238095,875.666666666667,872,880.168095238095,887.101747661539
1:18:25 AM,529,871.268095238095,880.166666666667,884.5,871.268095238095,872.317204703853
1:18:28 AM,531,859.96380952381,899.5,899.5,859.96380952381,852.62862724452
1:18:31 AM,532,846.699523809524,871.8,878,846.699523809524,845.18115453901
1:18:34 AM,533,831.137023809524,847.571428571429,842,831.137023809524,837.635933713698
1:18:37 AM,534,819.387023809524,818,818,819.387023809524,828.721245666652
1:18:40 AM,535,806.190595238095,805,805,806.190595238095,817.52979514312
1:18:43 AM,538,794.515595238095,732,732,794.515595238095,777.256565441946
1:18:46 AM,539,784.440595238095,760.333333333333,746,784.440595238095,764.648609435167
1:18:49 AM,540,773.890595238095,750.666666666667,761,773.890595238095,753.973587010429
1:18:52 AM,541,764.68503968254,711,711,764.68503968254,746.146322148875
1:18:55 AM,543,755.576706349206,804,804,755.576706349206,739.832868542596
1:18:58 AM,544,741.93503968254,775.714285714286,823,741.93503968254,739.241775576384
1:19:01 AM,545,729.84503968254,766.142857142857,773,729.84503968254,738.719377979026
1:19:04 AM,546,719.516468253968,730.75,737.5,719.516468253968,737.034380358698
1:19:07 AM,547,710.933134920635,720,720,710.933134920635,732.955487323578
1:19:10 AM,548,700.833134920635,674.5,674,700.833134920635,725.618604212656
1:19:13 AM,550,693.333134920635,681,681,693.333134920635,703.956901543251
1:19:16 AM,551,684.116468253968,683,683,684.116468253968,691.57589997091
1:19:19 AM,552,675.366468253968,691,691,675.366468253968,679.457343564239
1:19:22 AM,553,668.241468253968,691.555555555556,694,668.241468253968,668.57314131631
1:19:25 AM,554,656.484325396826,698,698,656.484325396826,659.56534580737
1:19:28 AM,555,645.748611111111,626.666666666667,627,645.748611111111,651.756583966376
1:19:31 AM,556,634.441468253968,630,633,634.441468253968,644.139626309458
1:19:34 AM,557,625.116468253968,641,638.5,625.116468253968,635.707243352747
1:19:37 AM,558,617.649801587301,646.333333333333,646,617.649801587301,625.452205612376
1:19:40 AM,559,612.993551587301,603,603,612.993551587301,612.772973578784
1:19:43 AM,560,606.643551587302,582,582,606.643551587302,598.690767639644
1:19:46 AM,561,600.099801587302,576,576,600.099801587302,584.632498156936
1:19:49 AM,562,593.349801587302,575.666666666667,572,593.349801587302,572.025075492641
1:19:52 AM,563,586.892023809524,568.5,563,586.892023809524,562.295410008741
1:19:55 AM,564,580.242023809524,568.857142857143,558,580.242023809524,556.489309573535
1:19:58 AM,565,575.642023809524,561,563,575.642023809524,554.128172080605
1:20:01 AM,566,571.072023809524,540,540,571.072023809524,554.352292929848
1:20:04 AM,568,565.23630952381,544.25,543.5,565.23630952381,559.117491254458
1:20:07 AM,569,560.469642857143,570.666666666667,563,560.469642857143,561.939159529623
1:20:10 AM,570,555.157142857143,581.375,588,555.157142857143,564.041783074816
1:20:13 AM,573,549.673809523809,554,558,549.673809523809,564.702167055329
1:20:16 AM,574,544.732142857143,552.125,551,544.732142857143,562.864424061909
1:20:19 AM,575,541.41880952381,556,556,541.41880952381,559.910057857411
1:20:22 AM,576,539.81880952381,562.4,565,539.81880952381,555.786455811263
1:20:25 AM,577,535.875952380952,565,565,535.875952380952,550.508439975843
1:20:28 AM,578,529.950952380952,534.666666666667,533,529.950952380952,544.360571135323
1:20:31 AM,579,525.730952380952,538.6,539,525.730952380952,537.694844756821
1:20:34 AM,580,521.968452380952,524.285714285714,521,521.968452380952,530.863256307457
1:20:37 AM,581,517.655119047619,551,551,517.655119047619,524.21780125435
1:20:40 AM,584,510.936369047619,496.75,479.5,510.936369047619,507.041303651403
1:20:43 AM,585,505.658591269841,472.333333333333,472,505.658591269841,502.088305846465
1:20:46 AM,586,500.902341269841,477.166666666667,475.5,500.902341269841,497.413074335723
1:20:49 AM,587,495.545198412698,509.4,502,495.545198412698,492.950518476885
1:20:52 AM,588,488.750198412698,536.5,537.5,488.750198412698,488.638203043177
1:20:55 AM,590,480.850198412698,490,490,480.850198412698,480.259694607966
1:20:58 AM,591,474.616865079365,442.5,441,474.616865079365,476.095185308154
1:21:01 AM,592,468.279722222222,455.6,460,468.279722222222,471.881628421331
1:21:04 AM,593,462.995436507937,469,482,462.995436507937,467.569865798343
1:21:07 AM,594,456.585436507936,484.4,495,456.585436507936,463.12789964117
1:21:10 AM,595,451.897936507936,447,447,451.897936507936,458.592373556328
1:21:13 AM,598,447.38126984127,448.444444444444,462,447.38126984127,444.962475312312
1:21:16 AM,599,442.472936507937,457,460,442.472936507937,440.590749093313
1:21:19 AM,600,436.295793650794,448.857142857143,455,436.295793650794,436.394482734905
1:21:22 AM,601,429.608293650794,426.5,426,429.608293650794,432.411422867598
1:21:25 AM,602,423.191626984127,407,407,423.191626984127,428.615086813351
1:21:28 AM,604,418.733293650794,410,410,418.733293650794,421.412426123306
1:21:31 AM,606,413.228293650794,411.857142857143,410,413.228293650794,414.446180623313
1:21:34 AM,607,407.51996031746,418.6,419,407.51996031746,410.945363556631
1:21:37 AM,608,400.60996031746,422.8,427,400.60996031746,407.373050648272
1:21:40 AM,609,395.24746031746,403,403,395.24746031746,403.671803774835
1:21:43 AM,612,391.525238095238,382,382,391.525238095238,391.190281893596
1:21:46 AM,613,385.591904761905,379,375,385.591904761905,386.369121689389
1:21:49 AM,614,380.789047619048,385.857142857143,397,380.789047619048,381.116938784876
1:21:52 AM,615,377.347380952381,402.75,404,377.347380952381,375.435100963154
1:21:55 AM,616,374.180714285714,361.666666666667,362.5,374.180714285714,369.572118127896
1:21:58 AM,617,369.530714285714,353.333333333333,356.5,369.530714285714,363.838285712915
1:22:01 AM,618,365.537857142857,345.5,344.5,365.537857142857,358.543899152028
1:22:04 AM,621,361.097857142857,354.833333333333,356,361.097857142857,348.400368932074
1:22:07 AM,622,356.147857142857,346.2,334,356.147857142857,347.832098118334
1:22:10 AM,623,351.722857142857,339.75,328.5,351.722857142857,348.447018283513
1:22:13 AM,624,347.772857142857,374,374,347.772857142857,349.747692817179
1:22:16 AM,627,343.872857142857,338.333333333333,335,343.872857142857,352.789876524758
1:22:19 AM,628,339.83,352.8,359,339.83,351.859202428034
1:22:22 AM,629,334.7425,357.666666666667,367,334.7425,349.272836165995
1:22:25 AM,630,331.759166666667,343.666666666667,352,331.759166666667,345.262023720042
1:22:28 AM,632,329.064722222222,317,317,329.064722222222,334.474990275452
1:22:31 AM,633,326.489722222222,332,332,326.489722222222,328.452734276346
1:22:34 AM,634,323.285555555556,329.8,330,323.285555555556,322.513962092388
1:22:37 AM,635,320.385555555556,323.8,324,320.385555555556,316.998217018823
1:22:40 AM,636,318.123055555556,314.5,321.5,318.123055555556,312.09528553282
1:22:43 AM,637,312.885555555556,303,303,312.885555555556,307.957514907028
1:22:46 AM,638,309.018888888889,301,301,309.018888888889,304.737252414097
1:22:49 AM,639,304.220555555556,305,307,304.220555555556,302.586845326676
1:22:52 AM,641,299.174722222222,301,301,299.174722222222,301.109785916614
1:22:55 AM,642,294.816388888889,302,302,294.816388888889,300.719427393542
1:22:58 AM,643,291.866388888889,299.444444444444,300,291.866388888889,299.769112146295
1:23:01 AM,644,287.916388888889,294,294,287.916388888889,297.664787040761
1:23:04 AM,645,284.076388888889,290.75,291.5,284.076388888889,293.812398942827
1:23:07 AM,646,280.686388888889,288.2,290,280.686388888889,287.89303662222
1:23:10 AM,647,277.944722222222,294.5,294,277.944722222222,280.688356464012
1:23:13 AM,648,275.403055555556,269.25,269,275.403055555556,273.255156757111
1:23:16 AM,649,272.889419191919,261,261,272.889419191919,266.650235790427
1:23:19 AM,651,270.489419191919,256.833333333333,257,270.489419191919,258.348543516194
1:23:22 AM,652,268.439419191919,256.75,257,268.439419191919,256.28503417538
1:23:25 AM,653,266.239419191919,256.5,256,266.239419191919,255.218267366827
1:23:28 AM,654,264.158863636364,258,258,264.158863636364,254.852131591582
1:23:31 AM,656,261.683863636364,253,253,261.683863636364,255.037307145193
1:23:34 AM,657,259.579696969697,253,253,259.579696969697,255.060962983413
1:23:37 AM,658,257.394696969697,256,257,257.394696969697,254.988208902751
1:23:40 AM,659,254.669696969697,259.666666666667,260,254.669696969697,254.910338447884
1:23:43 AM,660,252.707196969697,252.166666666667,250,252.707196969697,254.918645163488
1:23:46 AM,661,251.357196969697,250.727272727273,250,251.357196969697,255.104422594239
1:23:49 AM,664,250.07553030303,257,257,250.07553030303,256.30819594042
1:23:52 AM,665,248.76303030303,260,260,248.76303030303,256.292392000838
1:23:55 AM,666,247.13803030303,258,258,247.13803030303,255.727132114261
1:23:58 AM,667,245.23803030303,257.833333333333,258.5,245.23803030303,254.407861228984
1:24:01 AM,668,244.08803030303,244.5,244.5,244.08803030303,252.130024293303
1:24:04 AM,669,242.98803030303,248.666666666667,253.5,242.98803030303,248.795304508878
1:24:07 AM,670,241.49803030303,244.5,247.5,241.49803030303,244.730338090827
1:24:10 AM,671,239.564696969697,240,240,239.564696969697,240.367999507633
1:24:13 AM,673,237.881363636364,230,230,237.881363636364,232.482703719752
1:24:16 AM,674,236.18875,234,234,236.18875,229.82549545203
1:24:19 AM,675,234.21375,231.2,231,234.21375,228.449637098956
1:24:22 AM,676,232.23875,230.5,229.5,232.23875,228.024124158301
1:24:25 AM,677,230.505416666667,224,224,230.505416666667,228.065176333693
1:24:28 AM,678,228.77625,220,220,228.77625,228.089013328762
1:24:31 AM,679,227.72625,230,229,227.72625,227.611854847135
1:24:34 AM,680,226.342916666667,231,234,226.342916666667,226.29327328924
1:24:37 AM,681,225.267916666667,226.2,231,225.267916666667,224.366251842694
1:24:40 AM,682,224.292916666667,221,221,224.292916666667,222.207126391914
1:24:43 AM,684,223.784583333333,218.5,218.5,223.784583333333,218.697907015311
1:24:46 AM,685,222.740833333333,216.875,217,222.740833333333,218.100484858321
1:24:49 AM,686,221.843333333333,217.5,217.5,221.843333333333,218.633253583367
1:24:52 AM,687,221.218333333333,220.5,222,221.218333333333,219.957305817902
1:24:55 AM,688,220.918333333333,223.333333333333,224,220.918333333333,221.590685537989
1:24:58 AM,689,220.568333333333,223.25,223.5,220.568333333333,223.051436719687
1:25:01 AM,690,219.768333333333,223.5,223.5,219.768333333333,223.857603339058
1:25:04 AM,691,218.968333333333,221,221,218.968333333333,223.658965780322
1:25:07 AM,693,218.378333333333,223,223,218.378333333333,221.085918604105
1:25:10 AM,694,218.028333333333,220.5,221,218.028333333333,219.32843383665
1:25:13 AM,695,217.663333333333,219.833333333333,221.5,217.663333333333,217.668258182982
1:25:16 AM,696,217.519583333333,213.125,213.5,217.519583333333,216.413854068113
1:25:19 AM,697,217.394583333333,213.25,213,217.394583333333,215.78251372689
1:25:22 AM,698,217.03625,218,218,217.03625,215.626848633497
1:25:25 AM,700,216.529583333333,218,218,216.529583333333,215.788309326269
1:25:28 AM,701,216.079583333333,213,213,216.079583333333,215.628317680468
1:25:31 AM,702,215.618869047619,214,214,215.618869047619,215.067225499879
1:25:34 AM,703,215.218869047619,215,215,215.218869047619,214.253769475093
1:25:37 AM,704,214.418869047619,214.4,214.5,214.418869047619,213.414145378013
1:25:40 AM,705,213.677202380952,214,214,213.677202380952,212.774548980543
1:25:43 AM,706,212.779285714286,211.2,211,212.779285714286,212.561176054586
1:25:46 AM,707,212.413035714286,214,214,212.413035714286,212.915956179778
1:25:49 AM,709,211.733869047619,215,215,211.733869047619,214.465168633575
1:25:52 AM,710,210.883869047619,213.333333333333,213,210.883869047619,215.10079819876
1:25:55 AM,711,210.621369047619,213.2,213,210.621369047619,215.271241480523
1:25:58 AM,712,210.585654761905,214.25,214.5,210.585654761905,214.697097097155
1:26:01 AM,713,210.279404761905,214.285714285714,215,210.279404761905,213.206683028688
1:26:04 AM,714,209.729404761905,213,213,209.729404761905,211.059194702128
1:26:07 AM,716,209.009404761905,207,207,209.009404761905,206.260654429733
1:26:10 AM,717,208.359404761905,205.666666666667,206,208.359404761905,204.343432061395
1:26:13 AM,718,207.805654761905,201.875,199,207.805654761905,203.236794589965
1:26:16 AM,719,207.080654761905,205.8,210,207.080654761905,203.187867201908
1:26:19 AM,720,206.105654761905,199.666666666667,199,206.105654761905,203.96461667456
1:26:22 AM,721,205.288988095238,201,201,205.288988095238,205.215220182975
1:26:25 AM,723,204.45755952381,212.75,213,204.45755952381,207.730698007302
1:26:28 AM,724,203.553392857143,212.285714285714,213,203.553392857143,208.291926673321
1:26:31 AM,725,202.564107142857,207.875,207.5,202.564107142857,208.010806672677
1:26:34 AM,726,201.814107142857,204,204,201.814107142857,206.990958167244
1:26:37 AM,728,201.914107142857,200,200,201.914107142857,203.513910678961
1:26:40 AM,729,201.880773809524,201,201.5,201.880773809524,201.446129214584
1:26:43 AM,730,202.320357142857,200.125,199,202.320357142857,199.418454282368
1:26:46 AM,731,202.380357142857,199.5,200.5,202.380357142857,197.614189662931
1:26:49 AM,733,202.772023809524,195.5,195.5,202.772023809524,195.215221848335
1:26:52 AM,734,203.03869047619,197,197,203.03869047619,194.873076428221
1:26:55 AM,735,202.55119047619,196.571428571429,197,202.55119047619,195.270861849593
1:26:58 AM,736,202.136904761905,196.166666666667,196.5,202.136904761905,196.534856999971
1:27:01 AM,737,201.876488095238,194.5,193.5,201.876488095238,198.692270822617
1:27:04 AM,738,201.886488095238,198,198,201.886488095238,201.374032483744
1:27:07 AM,739,202.123988095238,209,209,202.123988095238,204.112001205305
1:27:10 AM,740,202.423988095238,205,205,202.423988095238,206.43803620925
1:27:13 AM,741,202.667738095238,210.666666666667,211,202.667738095238,207.883996717533
1:27:16 AM,742,203.076071428571,207,206,203.076071428571,208.127089454155
1:27:19 AM,743,204.001071428571,207.5,205.5,204.001071428571,207.42591115132
1:27:22 AM,744,204.776071428571,206.333333333333,204,204.776071428571,206.184406043283
1:27:25 AM,745,205.404642857143,203,203,205.404642857143,204.806518364296
1:27:28 AM,746,206.34630952381,204,204,206.34630952381,203.696192348615
1:27:31 AM,747,207.065059523809,202.666666666667,202.5,207.065059523809,203.180981938951
1:27:34 AM,748,207.515059523809,204.2,203,207.515059523809,203.282879911851
1:27:37 AM,749,207.302559523809,204.75,203.5,207.302559523809,203.94748875232
1:27:40 AM,750,207.269226190476,207,205,207.269226190476,205.120410945361
1:27:43 AM,751,206.385892857143,205,205,206.385892857143,206.747248975981
1:27:46 AM,752,206.185892857143,207.666666666667,205,206.185892857143,208.720296595314
1:27:49 AM,754,205.579642857143,214,214,205.579642857143,212.367947128881
1:27:52 AM,755,205.237976190476,212.5,212.5,205.237976190476,213.294050206693
1:27:55 AM,756,205.154642857143,209.142857142857,209,205.154642857143,213.122671934241
1:27:58 AM,757,205.104642857143,215,215,205.104642857143,211.627366586206
1:28:01 AM,758,204.92130952381,208.875,207.5,204.92130952381,209.172905208831
1:28:04 AM,759,204.44130952381,207,208,204.44130952381,206.271863041251
1:28:07 AM,760,203.970476190476,204.75,204.5,203.970476190476,203.436815322602
1:28:10 AM,761,203.537142857143,204.333333333333,204,203.537142857143,201.180337292019
1:28:13 AM,762,203.170476190476,193,193,203.170476190476,199.8806806191
1:28:16 AM,763,202.670476190476,203,203,202.670476190476,199.378802695293
1:28:19 AM,764,201.970476190476,195.375,193.5,201.970476190476,199.381337342512
1:28:22 AM,765,201.495476190476,199.5,199,201.495476190476,199.594918382668
1:28:25 AM,766,201.105,201.333333333333,201,201.105,199.726179637672
1:28:28 AM,767,200.2675,203,203,200.2675,199.551006417663
1:28:31 AM,769,199.77375,199,199,199.77375,198.562173092974
1:28:34 AM,770,199.49875,194.6,194,199.49875,197.992798490818
1:28:37 AM,771,199.21125,195.333333333333,194,199.21125,197.53630893047
1:28:40 AM,772,199.194583333333,198.333333333333,199,199.194583333333,197.314847163191
1:28:43 AM,773,199.714583333333,197.666666666667,194,199.714583333333,197.419656146109
1:28:46 AM,774,199.639583333333,197.666666666667,194,199.639583333333,197.818379659806
1:28:49 AM,775,199.595833333333,200,200,199.595833333333,198.447761690731
1:28:52 AM,776,199.304166666667,203,203,199.304166666667,199.244546225332
1:28:55 AM,777,198.920833333333,201.333333333333,201,198.920833333333,200.145477250058
1:28:58 AM,778,198.470833333333,198.25,198.5,198.470833333333,201.068646369911
1:29:01 AM,779,198.220833333333,199,199,198.220833333333,201.857535664114
1:29:04 AM,780,198.3075,201.5,201.5,198.3075,202.336974830443
1:29:07 AM,781,198.365833333333,199,199,198.365833333333,202.331793566675
1:29:10 AM,782,198.349166666667,204,206,198.349166666667,201.666821570587
1:29:13 AM,783,198.249166666667,203.4,203,198.249166666667,200.260218824179
1:29:16 AM,784,198.255833333333,201.5,202,198.255833333333,198.403466446354
1:29:19 AM,785,197.989166666667,194.5,194.5,197.989166666667,196.481375840237
1:29:22 AM,786,197.5725,193.666666666667,194,197.5725,194.878758408954
1:29:25 AM,787,197.255833333333,193.666666666667,194,197.255833333333,193.980425555631
1:29:28 AM,788,197.493333333333,194,194,197.493333333333,194.039774913521
1:29:31 AM,789,197.680833333333,194,194,197.680833333333,194.784549036388
1:29:34 AM,790,197.955833333333,196.333333333333,196,197.955833333333,195.811076708123
1:29:37 AM,791,198.355833333333,196.5,196.5,198.355833333333,196.715686712617
1:29:40 AM,792,198.539166666667,198,198.5,198.539166666667,197.094707833762
